<?xml version="1.0" encoding="UTF-8"?>
<project-private xmlns="http://www.netbeans.org/ns/project-private/1">
    <editor-bookmarks xmlns="http://www.netbeans.org/ns/editor-bookmarks/2" lastBookmarkId="0"/>
    <open-files xmlns="http://www.netbeans.org/ns/projectui-open-files/2">
        <group>
            <file>file:/C:/Users/Vitorya/Downloads/YARA/NetBeansProjects/java/src/VIEW/CadastroVIEW.java</file>
            <file>file:/C:/Users/Vitorya/Downloads/YARA/NetBeansProjects/java/src/VIEW/formVIEW.java</file>
            <file>file:/C:/Users/Vitorya/Downloads/YARA/NetBeansProjects/java/src/VIEW/PrincipalVIEW.java</file>
            <file>file:/C:/Users/Vitorya/Downloads/YARA/NetBeansProjects/java/src/DTO/usuariosDTO.java</file>
            <file>file:/C:/Users/Vitorya/Downloads/YARA/NetBeansProjects/java/src/DAO/UsuarioDAO.java</file>
            <file>file:/C:/Users/Vitorya/Downloads/YARA/NetBeansProjects/java/src/DAO/conexaoDAO.java</file>
        </group>
    </open-files>
</project-private>
